Date,CPI,CORE_CPI,FED_RATE,UNEMPLOYMENT,NFP,RETAIL_SALES,INDUSTRIAL_PROD,PCE,PPI,BREAKEVEN
2018-01-01,248.859,255.204,1.41,4.0,147660.0,481414.0,101.4625,101.199,197.9,
2018-01-02,,,,,,,,,,2.0
2018-01-03,,,,,,,,,,1.98
2018-01-04,,,,,,,,,,2.01
2018-01-05,,,,,,,,,,2.01
2018-01-08,,,,,,,,,,2.02
2018-01-09,,,,,,,,,,2.03
2018-01-10,,,,,,,,,,2.03
2018-01-11,,,,,,,,,,2.0
2018-01-12,,,,,,,,,,2.01
2018-01-15,,,,,,,,,,
2018-01-16,,,,,,,,,,2.03
2018-01-17,,,,,,,,,,2.04
2018-01-18,,,,,,,,,,2.05
2018-01-19,,,,,,,,,,2.06
2018-01-22,,,,,,,,,,2.06
2018-01-23,,,,,,,,,,2.06
2018-01-24,,,,,,,,,,2.07
2018-01-25,,,,,,,,,,2.07
2018-01-26,,,,,,,,,,2.09
2018-01-29,,,,,,,,,,2.09
2018-01-30,,,,,,,,,,2.1
2018-01-31,,,,,,,,,,2.11
2018-02-01,249.529,255.711,1.42,4.1,148054.0,484031.0,101.7085,101.416,199.3,2.11
2018-02-02,,,,,,,,,,2.14
2018-02-05,,,,,,,,,,2.1
2018-02-06,,,,,,,,,,2.1
2018-02-07,,,,,,,,,,2.1
2018-02-08,,,,,,,,,,2.09
2018-02-09,,,,,,,,,,2.05
2018-02-12,,,,,,,,,,2.07
2018-02-13,,,,,,,,,,2.05
2018-02-14,,,,,,,,,,2.09
2018-02-15,,,,,,,,,,2.11
2018-02-16,,,,,,,,,,2.09
2018-02-19,,,,,,,,,,
2018-02-20,,,,,,,,,,2.1
2018-02-21,,,,,,,,,,2.12
2018-02-22,,,,,,,,,,2.11
2018-02-23,,,,,,,,,,2.12
2018-02-26,,,,,,,,,,2.13
2018-02-27,,,,,,,,,,2.13
2018-02-28,,,,,,,,,,2.12
2018-03-01,249.577,256.271,1.51,4.0,148280.0,484110.0,102.2067,101.524,199.3,2.1
2018-03-02,,,,,,,,,,2.12
2018-03-05,,,,,,,,,,2.13
2018-03-06,,,,,,,,,,2.12
2018-03-07,,,,,,,,,,2.13
2018-03-08,,,,,,,,,,2.11
2018-03-09,,,,,,,,,,2.12
2018-03-12,,,,,,,,,,2.1
2018-03-13,,,,,,,,,,2.09
2018-03-14,,,,,,,,,,2.07
2018-03-15,,,,,,,,,,2.08
2018-03-16,,,,,,,,,,2.08
2018-03-19,,,,,,,,,,2.08
2018-03-20,,,,,,,,,,2.08
2018-03-21,,,,,,,,,,2.09
2018-03-22,,,,,,,,,,2.08
2018-03-23,,,,,,,,,,2.07
2018-03-26,,,,,,,,,,2.08
2018-03-27,,,,,,,,,,2.07
2018-03-28,,,,,,,,,,2.05
2018-03-29,,,,,,,,,,2.05
2018-03-30,,,,,,,,,,
2018-04-01,250.227,256.63,1.69,4.0,148420.0,484154.0,103.3329,101.766,200.3,
2018-04-02,,,,,,,,,,2.05
2018-04-03,,,,,,,,,,2.08
2018-04-04,,,,,,,,,,2.08
2018-04-05,,,,,,,,,,2.08
2018-04-06,,,,,,,,,,2.07
2018-04-09,,,,,,,,,,2.07
2018-04-10,,,,,,,,,,2.08
2018-04-11,,,,,,,,,,2.11
2018-04-12,,,,,,,,,,2.13
2018-04-13,,,,,,,,,,2.13
2018-04-16,,,,,,,,,,2.12
2018-04-17,,,,,,,,,,2.14
2018-04-18,,,,,,,,,,2.16
2018-04-19,,,,,,,,,,2.17
2018-04-20,,,,,,,,,,2.17
2018-04-23,,,,,,,,,,2.18
2018-04-24,,,,,,,,,,2.17
2018-04-25,,,,,,,,,,2.17
2018-04-26,,,,,,,,,,2.18
2018-04-27,,,,,,,,,,2.17
2018-04-30,,,,,,,,,,2.17
2018-05-01,250.792,257.145,1.7,3.8,148742.0,491960.0,102.4024,101.941,203.2,2.16
2018-05-02,,,,,,,,,,2.17
2018-05-03,,,,,,,,,,2.16
2018-05-04,,,,,,,,,,2.16
2018-05-07,,,,,,,,,,2.17
2018-05-08,,,,,,,,,,2.16
2018-05-09,,,,,,,,,,2.18
2018-05-10,,,,,,,,,,2.17
2018-05-11,,,,,,,,,,2.15
2018-05-14,,,,,,,,,,2.15
2018-05-15,,,,,,,,,,2.18
2018-05-16,,,,,,,,,,2.17
2018-05-17,,,,,,,,,,2.16
2018-05-18,,,,,,,,,,2.15
2018-05-21,,,,,,,,,,2.16
2018-05-22,,,,,,,,,,2.15
2018-05-23,,,,,,,,,,2.14
2018-05-24,,,,,,,,,,2.12
2018-05-25,,,,,,,,,,2.09
2018-05-28,,,,,,,,,,
2018-05-29,,,,,,,,,,2.04
2018-05-30,,,,,,,,,,2.06
2018-05-31,,,,,,,,,,2.07
2018-06-01,251.018,257.399,1.82,4.0,148960.0,490228.0,103.198,102.029,204.2,2.09
2018-06-04,,,,,,,,,,2.12
2018-06-05,,,,,,,,,,2.13
2018-06-06,,,,,,,,,,2.14
2018-06-07,,,,,,,,,,2.13
2018-06-08,,,,,,,,,,2.11
2018-06-11,,,,,,,,,,2.13
2018-06-12,,,,,,,,,,2.13
2018-06-13,,,,,,,,,,2.12
2018-06-14,,,,,,,,,,2.12
2018-06-15,,,,,,,,,,2.12
2018-06-18,,,,,,,,,,2.12
2018-06-19,,,,,,,,,,2.12
2018-06-20,,,,,,,,,,2.12
2018-06-21,,,,,,,,,,2.11
2018-06-22,,,,,,,,,,2.12
2018-06-25,,,,,,,,,,2.1
2018-06-26,,,,,,,,,,2.12
2018-06-27,,,,,,,,,,2.11
2018-06-28,,,,,,,,,,2.1
2018-06-29,,,,,,,,,,2.11
2018-07-01,251.214,257.699,1.91,3.8,149020.0,493142.0,103.3646,102.137,204.3,
2018-07-02,,,,,,,,,,2.14
2018-07-03,,,,,,,,,,2.12
2018-07-04,,,,,,,,,,
2018-07-05,,,,,,,,,,2.13
2018-07-06,,,,,,,,,,2.12
2018-07-09,,,,,,,,,,2.13
2018-07-10,,,,,,,,,,2.13
2018-07-11,,,,,,,,,,2.11
2018-07-12,,,,,,,,,,2.1
2018-07-13,,,,,,,,,,2.11
2018-07-16,,,,,,,,,,2.1
2018-07-17,,,,,,,,,,2.09
2018-07-18,,,,,,,,,,2.09
2018-07-19,,,,,,,,,,2.09
2018-07-20,,,,,,,,,,2.11
2018-07-23,,,,,,,,,,2.11
2018-07-24,,,,,,,,,,2.11
2018-07-25,,,,,,,,,,2.13
2018-07-26,,,,,,,,,,2.11
2018-07-27,,,,,,,,,,2.12
2018-07-30,,,,,,,,,,2.13
2018-07-31,,,,,,,,,,2.12
2018-08-01,251.663,257.891,1.91,3.8,149277.0,493445.0,104.0327,102.208,203.4,2.13
2018-08-02,,,,,,,,,,2.12
2018-08-03,,,,,,,,,,2.12
2018-08-06,,,,,,,,,,2.11
2018-08-07,,,,,,,,,,2.13
2018-08-08,,,,,,,,,,2.11
2018-08-09,,,,,,,,,,2.11
2018-08-10,,,,,,,,,,2.09
2018-08-13,,,,,,,,,,2.1
2018-08-14,,,,,,,,,,2.09
2018-08-15,,,,,,,,,,2.08
2018-08-16,,,,,,,,,,2.08
2018-08-17,,,,,,,,,,2.08
2018-08-20,,,,,,,,,,2.07
2018-08-21,,,,,,,,,,2.08
2018-08-22,,,,,,,,,,2.08
2018-08-23,,,,,,,,,,2.09
2018-08-24,,,,,,,,,,2.09
2018-08-27,,,,,,,,,,2.11
2018-08-28,,,,,,,,,,2.11
2018-08-29,,,,,,,,,,2.12
2018-08-30,,,,,,,,,,2.1
2018-08-31,,,,,,,,,,2.08
2018-09-01,252.182,258.368,1.95,3.7,149358.0,491507.0,104.1004,102.418,203.6,
2018-09-03,,,,,,,,,,
2018-09-04,,,,,,,,,,2.1
2018-09-05,,,,,,,,,,2.09
2018-09-06,,,,,,,,,,2.08
2018-09-07,,,,,,,,,,2.1
2018-09-10,,,,,,,,,,2.1
2018-09-11,,,,,,,,,,2.12
2018-09-12,,,,,,,,,,2.12
2018-09-13,,,,,,,,,,2.1
2018-09-14,,,,,,,,,,2.1
2018-09-17,,,,,,,,,,2.1
2018-09-18,,,,,,,,,,2.13
2018-09-19,,,,,,,,,,2.15
2018-09-20,,,,,,,,,,2.15
2018-09-21,,,,,,,,,,2.15
2018-09-24,,,,,,,,,,2.16
2018-09-25,,,,,,,,,,2.16
2018-09-26,,,,,,,,,,2.14
2018-09-27,,,,,,,,,,2.15
2018-09-28,,,,,,,,,,2.14
2018-10-01,252.772,258.917,2.19,3.8,149527.0,496416.0,103.9856,102.595,204.6,2.14
2018-10-02,,,,,,,,,,2.12
2018-10-03,,,,,,,,,,2.16
2018-10-04,,,,,,,,,,2.16
2018-10-05,,,,,,,,,,2.16
2018-10-08,,,,,,,,,,
2018-10-09,,,,,,,,,,2.17
2018-10-10,,,,,,,,,,2.16
2018-10-11,,,,,,,,,,2.12
2018-10-12,,,,,,,,,,2.12
2018-10-15,,,,,,,,,,2.13
2018-10-16,,,,,,,,,,2.13
2018-10-17,,,,,,,,,,2.13
2018-10-18,,,,,,,,,,2.1
2018-10-19,,,,,,,,,,2.11
2018-10-22,,,,,,,,,,2.11
2018-10-23,,,,,,,,,,2.09
2018-10-24,,,,,,,,,,2.07
2018-10-25,,,,,,,,,,2.05
2018-10-26,,,,,,,,,,2.06
2018-10-29,,,,,,,,,,2.06
2018-10-30,,,,,,,,,,2.05
2018-10-31,,,,,,,,,,2.05
2018-11-01,252.594,259.439,2.2,3.8,149617.0,498854.0,104.0681,102.63,202.3,2.02
2018-11-02,,,,,,,,,,2.06
2018-11-05,,,,,,,,,,2.06
2018-11-06,,,,,,,,,,2.07
2018-11-07,,,,,,,,,,2.07
2018-11-08,,,,,,,,,,2.07
2018-11-09,,,,,,,,,,2.04
2018-11-12,,,,,,,,,,
2018-11-13,,,,,,,,,,2.02
2018-11-14,,,,,,,,,,2.0
2018-11-15,,,,,,,,,,2.0
2018-11-16,,,,,,,,,,2.02
2018-11-19,,,,,,,,,,1.99
2018-11-20,,,,,,,,,,1.97
2018-11-21,,,,,,,,,,1.97
2018-11-22,,,,,,,,,,
2018-11-23,,,,,,,,,,1.96
2018-11-26,,,,,,,,,,1.96
2018-11-27,,,,,,,,,,1.91
2018-11-28,,,,,,,,,,1.94
2018-11-29,,,,,,,,,,1.98
2018-11-30,,,,,,,,,,1.97
2018-12-01,252.767,260.063,2.27,3.9,149809.0,489113.0,104.0936,102.701,201.0,
2018-12-03,,,,,,,,,,1.96
2018-12-04,,,,,,,,,,1.94
2018-12-05,,,,,,,,,,
2018-12-06,,,,,,,,,,1.9
2018-12-07,,,,,,,,,,1.89
2018-12-10,,,,,,,,,,1.86
2018-12-11,,,,,,,,,,1.83
2018-12-12,,,,,,,,,,1.83
2018-12-13,,,,,,,,,,1.83
2018-12-14,,,,,,,,,,1.82
2018-12-17,,,,,,,,,,1.81
2018-12-18,,,,,,,,,,1.81
2018-12-19,,,,,,,,,,1.8
2018-12-20,,,,,,,,,,1.76
2018-12-21,,,,,,,,,,1.77
2018-12-24,,,,,,,,,,1.75
2018-12-25,,,,,,,,,,
2018-12-26,,,,,,,,,,1.77
2018-12-27,,,,,,,,,,1.74
2018-12-28,,,,,,,,,,1.73
2018-12-31,,,,,,,,,,1.71
2019-01-01,252.561,260.766,2.4,4.0,150060.0,490440.0,103.4021,102.648,199.1,
2019-01-02,,,,,,,,,,1.7
2019-01-03,,,,,,,,,,1.68
2019-01-04,,,,,,,,,,1.76
2019-01-07,,,,,,,,,,1.78
2019-01-08,,,,,,,,,,1.82
2019-01-09,,,,,,,,,,1.83
2019-01-10,,,,,,,,,,1.81
2019-01-11,,,,,,,,,,1.83
2019-01-14,,,,,,,,,,1.81
2019-01-15,,,,,,,,,,1.81
2019-01-16,,,,,,,,,,1.82
2019-01-17,,,,,,,,,,1.79
2019-01-18,,,,,,,,,,1.83
2019-01-21,,,,,,,,,,
2019-01-22,,,,,,,,,,1.79
2019-01-23,,,,,,,,,,1.8
2019-01-24,,,,,,,,,,1.77
2019-01-25,,,,,,,,,,1.79
2019-01-28,,,,,,,,,,1.78
2019-01-29,,,,,,,,,,1.78
2019-01-30,,,,,,,,,,1.84
2019-01-31,,,,,,,,,,1.85
2019-02-01,253.319,261.186,2.4,3.8,150067.0,491751.0,102.8371,102.836,199.2,1.88
2019-02-04,,,,,,,,,,1.87
2019-02-05,,,,,,,,,,1.87
2019-02-06,,,,,,,,,,1.86
2019-02-07,,,,,,,,,,1.84
2019-02-08,,,,,,,,,,1.82
2019-02-11,,,,,,,,,,1.82
2019-02-12,,,,,,,,,,1.83
2019-02-13,,,,,,,,,,1.86
2019-02-14,,,,,,,,,,1.85
2019-02-15,,,,,,,,,,1.86
2019-02-18,,,,,,,,,,
2019-02-19,,,,,,,,,,1.87
2019-02-20,,,,,,,,,,1.89
2019-02-21,,,,,,,,,,1.91
2019-02-22,,,,,,,,,,1.91
2019-02-25,,,,,,,,,,1.92
2019-02-26,,,,,,,,,,1.92
2019-02-27,,,,,,,,,,1.93
2019-02-28,,,,,,,,,,1.95
2019-03-01,254.277,261.567,2.41,3.8,150295.0,499292.0,102.8757,103.069,200.8,1.96
2019-03-04,,,,,,,,,,1.94
2019-03-05,,,,,,,,,,1.93
2019-03-06,,,,,,,,,,1.91
2019-03-07,,,,,,,,,,1.9
2019-03-08,,,,,,,,,,1.9
2019-03-11,,,,,,,,,,1.91
2019-03-12,,,,,,,,,,1.9
2019-03-13,,,,,,,,,,1.92
2019-03-14,,,,,,,,,,1.94
2019-03-15,,,,,,,,,,1.94
2019-03-18,,,,,,,,,,1.96
2019-03-19,,,,,,,,,,1.95
2019-03-20,,,,,,,,,,1.96
2019-03-21,,,,,,,,,,1.96
2019-03-22,,,,,,,,,,1.9
2019-03-25,,,,,,,,,,1.88
2019-03-26,,,,,,,,,,1.86
2019-03-27,,,,,,,,,,1.84
2019-03-28,,,,,,,,,,1.83
2019-03-29,,,,,,,,,,1.88
2019-04-01,255.233,261.997,2.42,3.7,150591.0,499343.0,102.274,103.36,202.1,1.9
2019-04-02,,,,,,,,,,1.9
2019-04-03,,,,,,,,,,1.91
2019-04-04,,,,,,,,,,1.9
2019-04-05,,,,,,,,,,1.9
2019-04-08,,,,,,,,,,1.91
2019-04-09,,,,,,,,,,1.91
2019-04-10,,,,,,,,,,1.94
2019-04-11,,,,,,,,,,1.94
2019-04-12,,,,,,,,,,1.95
2019-04-15,,,,,,,,,,1.94
2019-04-16,,,,,,,,,,1.96
2019-04-17,,,,,,,,,,1.94
2019-04-18,,,,,,,,,,1.95
2019-04-19,,,,,,,,,,
2019-04-22,,,,,,,,,,1.95
2019-04-23,,,,,,,,,,1.95
2019-04-24,,,,,,,,,,1.96
2019-04-25,,,,,,,,,,1.98
2019-04-26,,,,,,,,,,1.97
2019-04-29,,,,,,,,,,1.96
2019-04-30,,,,,,,,,,1.95
2019-05-01,255.296,262.217,2.39,3.6,150618.0,504741.0,102.392,103.435,201.7,1.93
2019-05-02,,,,,,,,,,1.89
2019-05-03,,,,,,,,,,1.91
2019-05-06,,,,,,,,,,1.91
2019-05-07,,,,,,,,,,1.87
2019-05-08,,,,,,,,,,1.87
2019-05-09,,,,,,,,,,1.85
2019-05-10,,,,,,,,,,1.88
2019-05-13,,,,,,,,,,1.85
2019-05-14,,,,,,,,,,1.86
2019-05-15,,,,,,,,,,1.83
2019-05-16,,,,,,,,,,1.84
2019-05-17,,,,,,,,,,1.81
2019-05-20,,,,,,,,,,1.81
2019-05-21,,,,,,,,,,1.83
2019-05-22,,,,,,,,,,1.79
2019-05-23,,,,,,,,,,1.73
2019-05-24,,,,,,,,,,1.76
2019-05-27,,,,,,,,,,
2019-05-28,,,,,,,,,,1.73
2019-05-29,,,,,,,,,,1.75
2019-05-30,,,,,,,,,,1.74
2019-05-31,,,,,,,,,,1.74
2019-06-01,255.213,262.739,2.38,3.6,150838.0,505251.0,102.4375,103.484,200.3,
2019-06-03,,,,,,,,,,1.73
2019-06-04,,,,,,,,,,1.74
2019-06-05,,,,,,,,,,1.75
2019-06-06,,,,,,,,,,1.73
2019-06-07,,,,,,,,,,1.74
2019-06-10,,,,,,,,,,1.73
2019-06-11,,,,,,,,,,1.72
2019-06-12,,,,,,,,,,1.71
2019-06-13,,,,,,,,,,1.68
2019-06-14,,,,,,,,,,1.63
2019-06-17,,,,,,,,,,1.61
2019-06-18,,,,,,,,,,1.64
2019-06-19,,,,,,,,,,1.67
2019-06-20,,,,,,,,,,1.74
2019-06-21,,,,,,,,,,1.73
2019-06-24,,,,,,,,,,1.71
2019-06-25,,,,,,,,,,1.67
2019-06-26,,,,,,,,,,1.7
2019-06-27,,,,,,,,,,1.68
2019-06-28,,,,,,,,,,1.69
2019-07-01,255.802,263.28,2.4,3.7,150937.0,509091.0,101.9408,103.622,200.7,1.69
2019-07-02,,,,,,,,,,1.65
2019-07-03,,,,,,,,,,1.65
2019-07-04,,,,,,,,,,
2019-07-05,,,,,,,,,,1.69
2019-07-08,,,,,,,,,,1.7
2019-07-09,,,,,,,,,,1.71
2019-07-10,,,,,,,,,,1.74
2019-07-11,,,,,,,,,,1.77
2019-07-12,,,,,,,,,,1.77
2019-07-15,,,,,,,,,,1.77
2019-07-16,,,,,,,,,,1.8
2019-07-17,,,,,,,,,,1.75
2019-07-18,,,,,,,,,,1.79
2019-07-19,,,,,,,,,,1.8
2019-07-22,,,,,,,,,,1.79
2019-07-23,,,,,,,,,,1.81
2019-07-24,,,,,,,,,,1.79
2019-07-25,,,,,,,,,,1.8
2019-07-26,,,,,,,,,,1.78
2019-07-29,,,,,,,,,,1.77
2019-07-30,,,,,,,,,,1.78
2019-07-31,,,,,,,,,,1.76
2019-08-01,256.036,263.877,2.13,3.6,151169.0,512561.0,102.639,103.67,199.2,1.7
2019-08-02,,,,,,,,,,1.66
2019-08-05,,,,,,,,,,1.6
2019-08-06,,,,,,,,,,1.62
2019-08-07,,,,,,,,,,1.62
2019-08-08,,,,,,,,,,1.65
2019-08-09,,,,,,,,,,1.66
2019-08-12,,,,,,,,,,1.61
2019-08-13,,,,,,,,,,1.63
2019-08-14,,,,,,,,,,1.57
2019-08-15,,,,,,,,,,1.54
2019-08-16,,,,,,,,,,1.54
2019-08-19,,,,,,,,,,1.56
2019-08-20,,,,,,,,,,1.53
2019-08-21,,,,,,,,,,1.54
2019-08-22,,,,,,,,,,1.55
2019-08-23,,,,,,,,,,1.54
2019-08-26,,,,,,,,,,1.54
2019-08-27,,,,,,,,,,1.55
2019-08-28,,,,,,,,,,1.55
2019-08-29,,,,,,,,,,1.59
2019-08-30,,,,,,,,,,1.55
2019-09-01,256.43,264.388,2.04,3.5,151365.0,509282.0,102.2917,103.733,198.4,
2019-09-02,,,,,,,,,,
2019-09-03,,,,,,,,,,1.5
2019-09-04,,,,,,,,,,1.51
2019-09-05,,,,,,,,,,1.56
2019-09-06,,,,,,,,,,1.54
2019-09-09,,,,,,,,,,1.57
2019-09-10,,,,,,,,,,1.6
2019-09-11,,,,,,,,,,1.6
2019-09-12,,,,,,,,,,1.63
2019-09-13,,,,,,,,,,1.67
2019-09-16,,,,,,,,,,1.67
2019-09-17,,,,,,,,,,1.66
2019-09-18,,,,,,,,,,1.59
2019-09-19,,,,,,,,,,1.61
2019-09-20,,,,,,,,,,1.61
2019-09-23,,,,,,,,,,1.61
2019-09-24,,,,,,,,,,1.58
2019-09-25,,,,,,,,,,1.6
2019-09-26,,,,,,,,,,1.57
2019-09-27,,,,,,,,,,1.53
2019-09-30,,,,,,,,,,1.53
2019-10-01,257.155,264.97,1.83,3.6,151460.0,510648.0,101.4281,103.917,198.6,1.52
2019-10-02,,,,,,,,,,1.5
2019-10-03,,,,,,,,,,1.48
2019-10-04,,,,,,,,,,1.5
2019-10-07,,,,,,,,,,1.51
2019-10-08,,,,,,,,,,1.48
2019-10-09,,,,,,,,,,1.49
2019-10-10,,,,,,,,,,1.52
2019-10-11,,,,,,,,,,1.56
2019-10-14,,,,,,,,,,
2019-10-15,,,,,,,,,,1.56
2019-10-16,,,,,,,,,,1.57
2019-10-17,,,,,,,,,,1.59
2019-10-18,,,,,,,,,,1.6
2019-10-21,,,,,,,,,,1.61
2019-10-22,,,,,,,,,,1.61
2019-10-23,,,,,,,,,,1.61
2019-10-24,,,,,,,,,,1.62
2019-10-25,,,,,,,,,,1.65
2019-10-28,,,,,,,,,,1.64
2019-10-29,,,,,,,,,,1.61
2019-10-30,,,,,,,,,,1.57
2019-10-31,,,,,,,,,,1.54
2019-11-01,257.879,265.548,1.55,3.6,151667.0,514215.0,101.9372,104.024,199.0,1.59
2019-11-04,,,,,,,,,,1.64
2019-11-05,,,,,,,,,,1.68
2019-11-06,,,,,,,,,,1.66
2019-11-07,,,,,,,,,,1.69
2019-11-08,,,,,,,,,,1.71
2019-11-11,,,,,,,,,,
2019-11-12,,,,,,,,,,1.7
2019-11-13,,,,,,,,,,1.66
2019-11-14,,,,,,,,,,1.62
2019-11-15,,,,,,,,,,1.63
2019-11-18,,,,,,,,,,1.63
2019-11-19,,,,,,,,,,1.63
2019-11-20,,,,,,,,,,1.6
2019-11-21,,,,,,,,,,1.63
2019-11-22,,,,,,,,,,1.62
2019-11-25,,,,,,,,,,1.62
2019-11-26,,,,,,,,,,1.62
2019-11-27,,,,,,,,,,1.63
2019-11-28,,,,,,,,,,
2019-11-29,,,,,,,,,,1.61
2019-12-01,258.63,266.02,1.55,3.6,151794.0,515866.0,101.7003,104.307,199.0,
2019-12-02,,,,,,,,,,1.65
2019-12-03,,,,,,,,,,1.63
2019-12-04,,,,,,,,,,1.66
2019-12-05,,,,,,,,,,1.67
2019-12-06,,,,,,,,,,1.69
2019-12-09,,,,,,,,,,1.69
2019-12-10,,,,,,,,,,1.71
2019-12-11,,,,,,,,,,1.69
2019-12-12,,,,,,,,,,1.72
2019-12-13,,,,,,,,,,1.7
2019-12-16,,,,,,,,,,1.73
2019-12-17,,,,,,,,,,1.75
2019-12-18,,,,,,,,,,1.76
2019-12-19,,,,,,,,,,1.77
2019-12-20,,,,,,,,,,1.77
2019-12-23,,,,,,,,,,1.75
2019-12-24,,,,,,,,,,1.75
2019-12-25,,,,,,,,,,
2019-12-26,,,,,,,,,,1.74
2019-12-27,,,,,,,,,,1.73
2019-12-30,,,,,,,,,,1.75
2019-12-31,,,,,,,,,,1.77
2020-01-01,259.127,266.716,1.55,3.6,152031.0,515119.0,101.0338,104.49,199.3,
2020-01-02,,,,,,,,,,1.8
2020-01-03,,,,,,,,,,1.77
2020-01-06,,,,,,,,,,1.75
2020-01-07,,,,,,,,,,1.74
2020-01-08,,,,,,,,,,1.75
2020-01-09,,,,,,,,,,1.74
2020-01-10,,,,,,,,,,1.76
2020-01-13,,,,,,,,,,1.77
2020-01-14,,,,,,,,,,1.77
2020-01-15,,,,,,,,,,1.75
2020-01-16,,,,,,,,,,1.74
2020-01-17,,,,,,,,,,1.75
2020-01-20,,,,,,,,,,
2020-01-21,,,,,,,,,,1.74
2020-01-22,,,,,,,,,,1.72
2020-01-23,,,,,,,,,,1.7
2020-01-24,,,,,,,,,,1.68
2020-01-27,,,,,,,,,,1.63
2020-01-28,,,,,,,,,,1.65
2020-01-29,,,,,,,,,,1.64
2020-01-30,,,,,,,,,,1.64
2020-01-31,,,,,,,,,,1.65
2020-02-01,259.25,267.37,1.58,3.5,152293.0,515330.0,101.3735,104.573,196.7,
2020-02-03,,,,,,,,,,1.63
2020-02-04,,,,,,,,,,1.64
2020-02-05,,,,,,,,,,1.66
2020-02-06,,,,,,,,,,1.67
2020-02-07,,,,,,,,,,1.66
2020-02-10,,,,,,,,,,1.66
2020-02-11,,,,,,,,,,1.65
2020-02-12,,,,,,,,,,1.66
2020-02-13,,,,,,,,,,1.67
2020-02-14,,,,,,,,,,1.66
2020-02-17,,,,,,,,,,
2020-02-18,,,,,,,,,,1.65
2020-02-19,,,,,,,,,,1.65
2020-02-20,,,,,,,,,,1.63
2020-02-21,,,,,,,,,,1.61
2020-02-24,,,,,,,,,,1.59
2020-02-25,,,,,,,,,,1.53
2020-02-26,,,,,,,,,,1.54
2020-02-27,,,,,,,,,,1.53
2020-02-28,,,,,,,,,,1.41
2020-03-01,258.076,267.054,0.65,4.4,150895.0,468324.0,97.4078,104.271,193.1,
2020-03-02,,,,,,,,,,1.41
2020-03-03,,,,,,,,,,1.45
2020-03-04,,,,,,,,,,1.46
2020-03-05,,,,,,,,,,1.4
2020-03-06,,,,,,,,,,1.31
2020-03-09,,,,,,,,,,0.99
2020-03-10,,,,,,,,,,1.0
2020-03-11,,,,,,,,,,0.96
2020-03-12,,,,,,,,,,0.92
2020-03-13,,,,,,,,,,0.9
2020-03-16,,,,,,,,,,0.73
2020-03-17,,,,,,,,,,0.63
2020-03-18,,,,,,,,,,0.63
2020-03-19,,,,,,,,,,0.5
2020-03-20,,,,,,,,,,0.75
2020-03-23,,,,,,,,,,0.8
2020-03-24,,,,,,,,,,0.97
2020-03-25,,,,,,,,,,1.07
2020-03-26,,,,,,,,,,1.07
2020-03-27,,,,,,,,,,0.94
2020-03-30,,,,,,,,,,0.95
2020-03-31,,,,,,,,,,0.87
2020-04-01,256.032,265.746,0.05,14.8,130426.0,401028.0,84.5619,103.838,185.5,0.91
2020-04-02,,,,,,,,,,1.03
2020-04-03,,,,,,,,,,1.08
2020-04-06,,,,,,,,,,1.14
2020-04-07,,,,,,,,,,1.17
2020-04-08,,,,,,,,,,1.19
2020-04-09,,,,,,,,,,1.23
2020-04-10,,,,,,,,,,
2020-04-13,,,,,,,,,,1.26
2020-04-14,,,,,,,,,,1.29
2020-04-15,,,,,,,,,,1.19
2020-04-16,,,,,,,,,,1.03
2020-04-17,,,,,,,,,,1.01
2020-04-20,,,,,,,,,,0.94
2020-04-21,,,,,,,,,,0.96
2020-04-22,,,,,,,,,,1.06
2020-04-23,,,,,,,,,,1.05
2020-04-24,,,,,,,,,,1.11
2020-04-27,,,,,,,,,,1.17
2020-04-28,,,,,,,,,,1.14
2020-04-29,,,,,,,,,,1.14
2020-04-30,,,,,,,,,,1.07
2020-05-01,255.802,265.412,0.05,13.2,133040.0,478449.0,85.9604,103.942,188.6,1.06
2020-05-04,,,,,,,,,,1.07
2020-05-05,,,,,,,,,,1.1
2020-05-06,,,,,,,,,,1.1
2020-05-07,,,,,,,,,,1.08
2020-05-08,,,,,,,,,,1.12
2020-05-11,,,,,,,,,,1.13
2020-05-12,,,,,,,,,,1.09
2020-05-13,,,,,,,,,,1.07
2020-05-14,,,,,,,,,,1.06
2020-05-15,,,,,,,,,,1.09
2020-05-18,,,,,,,,,,1.17
2020-05-19,,,,,,,,,,1.15
2020-05-20,,,,,,,,,,1.16
2020-05-21,,,,,,,,,,1.14
2020-05-22,,,,,,,,,,1.12
2020-05-25,,,,,,,,,,
2020-05-26,,,,,,,,,,1.13
2020-05-27,,,,,,,,,,1.14
2020-05-28,,,,,,,,,,1.18
2020-05-29,,,,,,,,,,1.15
2020-06-01,257.042,265.849,0.08,11.0,137671.0,518038.0,91.5934,104.27,191.2,1.18
2020-06-02,,,,,,,,,,1.18
2020-06-03,,,,,,,,,,1.21
2020-06-04,,,,,,,,,,1.22
2020-06-05,,,,,,,,,,1.27
2020-06-08,,,,,,,,,,1.28
2020-06-09,,,,,,,,,,1.26
2020-06-10,,,,,,,,,,1.27
2020-06-11,,,,,,,,,,1.21
2020-06-12,,,,,,,,,,1.21
2020-06-15,,,,,,,,,,1.23
2020-06-16,,,,,,,,,,1.27
2020-06-17,,,,,,,,,,1.26
2020-06-18,,,,,,,,,,1.28
2020-06-19,,,,,,,,,,1.3
2020-06-22,,,,,,,,,,1.34
2020-06-23,,,,,,,,,,1.38
2020-06-24,,,,,,,,,,1.33
2020-06-25,,,,,,,,,,1.33
2020-06-26,,,,,,,,,,1.32
2020-06-29,,,,,,,,,,1.34
2020-06-30,,,,,,,,,,1.34
2020-07-01,258.352,267.389,0.09,10.2,139255.0,526304.0,95.0256,104.578,193.0,1.37
2020-07-02,,,,,,,,,,1.41
2020-07-03,,,,,,,,,,
2020-07-06,,,,,,,,,,1.45
2020-07-07,,,,,,,,,,1.43
2020-07-08,,,,,,,,,,1.42
2020-07-09,,,,,,,,,,1.39
2020-07-10,,,,,,,,,,1.41
2020-07-13,,,,,,,,,,1.42
2020-07-14,,,,,,,,,,1.41
2020-07-15,,,,,,,,,,1.41
2020-07-16,,,,,,,,,,1.41
2020-07-17,,,,,,,,,,1.46
2020-07-20,,,,,,,,,,1.46
2020-07-21,,,,,,,,,,1.48
2020-07-22,,,,,,,,,,1.48
2020-07-23,,,,,,,,,,1.49
2020-07-24,,,,,,,,,,1.51
2020-07-27,,,,,,,,,,1.52
2020-07-28,,,,,,,,,,1.51
2020-07-29,,,,,,,,,,1.53
2020-07-30,,,,,,,,,,1.52
2020-07-31,,,,,,,,,,1.55
2020-08-01,259.316,268.422,0.1,8.4,140821.0,530735.0,95.9549,104.87,194.3,
2020-08-03,,,,,,,,,,1.58
2020-08-04,,,,,,,,,,1.57
2020-08-05,,,,,,,,,,1.61
2020-08-06,,,,,,,,,,1.63
2020-08-07,,,,,,,,,,1.61
2020-08-10,,,,,,,,,,1.61
2020-08-11,,,,,,,,,,1.63
2020-08-12,,,,,,,,,,1.67
2020-08-13,,,,,,,,,,1.67
2020-08-14,,,,,,,,,,1.65
2020-08-17,,,,,,,,,,1.66
2020-08-18,,,,,,,,,,1.68
2020-08-19,,,,,,,,,,1.67
2020-08-20,,,,,,,,,,1.62
2020-08-21,,,,,,,,,,1.64
2020-08-24,,,,,,,,,,1.67
2020-08-25,,,,,,,,,,1.7
2020-08-26,,,,,,,,,,1.72
2020-08-27,,,,,,,,,,1.73
2020-08-28,,,,,,,,,,1.77
2020-08-31,,,,,,,,,,1.8
2020-09-01,259.997,268.933,0.09,7.8,141770.0,541302.0,95.9669,105.057,195.5,1.76
2020-09-02,,,,,,,,,,1.73
2020-09-03,,,,,,,,,,1.65
2020-09-04,,,,,,,,,,1.7
2020-09-07,,,,,,,,,,
2020-09-08,,,,,,,,,,1.68
2020-09-09,,,,,,,,,,1.71
2020-09-10,,,,,,,,,,1.69
2020-09-11,,,,,,,,,,1.65
2020-09-14,,,,,,,,,,1.65
2020-09-15,,,,,,,,,,1.67
2020-09-16,,,,,,,,,,1.68
2020-09-17,,,,,,,,,,1.66
2020-09-18,,,,,,,,,,1.67
2020-09-21,,,,,,,,,,1.62
2020-09-22,,,,,,,,,,1.62
2020-09-23,,,,,,,,,,1.6
2020-09-24,,,,,,,,,,1.58
2020-09-25,,,,,,,,,,1.58
2020-09-28,,,,,,,,,,1.61
2020-09-29,,,,,,,,,,1.64
2020-09-30,,,,,,,,,,1.63
2020-10-01,260.319,269.306,0.09,6.9,142460.0,539114.0,96.7394,105.151,196.5,1.63
2020-10-02,,,,,,,,,,1.64
2020-10-05,,,,,,,,,,1.68
2020-10-06,,,,,,,,,,1.66
2020-10-07,,,,,,,,,,1.71
2020-10-08,,,,,,,,,,1.72
2020-10-09,,,,,,,,,,1.73
2020-10-12,,,,,,,,,,
2020-10-13,,,,,,,,,,1.7
2020-10-14,,,,,,,,,,1.69
2020-10-15,,,,,,,,,,1.69
2020-10-16,,,,,,,,,,1.71
2020-10-19,,,,,,,,,,1.71
2020-10-20,,,,,,,,,,1.72
2020-10-21,,,,,,,,,,1.74
2020-10-22,,,,,,,,,,1.76
2020-10-23,,,,,,,,,,1.75
2020-10-26,,,,,,,,,,1.72
2020-10-27,,,,,,,,,,1.71
2020-10-28,,,,,,,,,,1.7
2020-10-29,,,,,,,,,,1.71
2020-10-30,,,,,,,,,,1.7
2020-11-01,260.911,269.981,0.09,6.7,142733.0,533941.0,97.0816,105.258,198.3,
2020-11-02,,,,,,,,,,1.71
2020-11-03,,,,,,,,,,1.72
2020-11-04,,,,,,,,,,1.64
2020-11-05,,,,,,,,,,1.66
2020-11-06,,,,,,,,,,1.65
2020-11-09,,,,,,,,,,1.73
2020-11-10,,,,,,,,,,1.76
2020-11-11,,,,,,,,,,
2020-11-12,,,,,,,,,,1.71
2020-11-13,,,,,,,,,,1.72
2020-11-16,,,,,,,,,,1.72
2020-11-17,,,,,,,,,,1.7
2020-11-18,,,,,,,,,,1.7
2020-11-19,,,,,,,,,,1.7
2020-11-20,,,,,,,,,,1.69
2020-11-23,,,,,,,,,,1.71
2020-11-24,,,,,,,,,,1.74
2020-11-25,,,,,,,,,,1.75
2020-11-26,,,,,,,,,,
2020-11-27,,,,,,,,,,1.75
2020-11-30,,,,,,,,,,1.77
2020-12-01,262.045,270.341,0.09,6.7,142548.0,538548.0,98.363,105.699,200.5,1.81
2020-12-02,,,,,,,,,,1.85
2020-12-03,,,,,,,,,,1.86
2020-12-04,,,,,,,,,,1.89
2020-12-07,,,,,,,,,,1.88
2020-12-08,,,,,,,,,,1.89
2020-12-09,,,,,,,,,,1.91
2020-12-10,,,,,,,,,,1.88
2020-12-11,,,,,,,,,,1.87
2020-12-14,,,,,,,,,,1.88
2020-12-15,,,,,,,,,,1.91
2020-12-16,,,,,,,,,,1.92
2020-12-17,,,,,,,,,,1.94
2020-12-18,,,,,,,,,,1.95
2020-12-21,,,,,,,,,,1.95
2020-12-22,,,,,,,,,,1.94
2020-12-23,,,,,,,,,,1.97
2020-12-24,,,,,,,,,,1.97
2020-12-25,,,,,,,,,,
2020-12-28,,,,,,,,,,1.97
2020-12-29,,,,,,,,,,1.96
2020-12-30,,,,,,,,,,1.96
2020-12-31,,,,,,,,,,1.99
2021-01-01,262.687,270.387,0.09,6.4,142863.0,559230.0,98.8822,106.147,204.8,
2021-01-04,,,,,,,,,,2.01
2021-01-05,,,,,,,,,,2.03
2021-01-06,,,,,,,,,,2.06
2021-01-07,,,,,,,,,,2.09
2021-01-08,,,,,,,,,,2.06
2021-01-11,,,,,,,,,,2.06
2021-01-12,,,,,,,,,,2.08
2021-01-13,,,,,,,,,,2.06
2021-01-14,,,,,,,,,,2.09
2021-01-15,,,,,,,,,,2.1
2021-01-18,,,,,,,,,,
2021-01-19,,,,,,,,,,2.1
2021-01-20,,,,,,,,,,2.12
2021-01-21,,,,,,,,,,2.1
2021-01-22,,,,,,,,,,2.09
2021-01-25,,,,,,,,,,2.08
2021-01-26,,,,,,,,,,2.08
2021-01-27,,,,,,,,,,2.08
2021-01-28,,,,,,,,,,2.13
2021-01-29,,,,,,,,,,2.13
2021-02-01,263.579,270.793,0.08,6.2,143380.0,544891.0,95.6149,106.5,210.6,2.11
2021-02-02,,,,,,,,,,2.15
2021-02-03,,,,,,,,,,2.19
2021-02-04,,,,,,,,,,2.17
2021-02-05,,,,,,,,,,2.21
2021-02-08,,,,,,,,,,2.22
2021-02-09,,,,,,,,,,2.22
2021-02-10,,,,,,,,,,2.21
2021-02-11,,,,,,,,,,2.2
2021-02-12,,,,,,,,,,2.21
2021-02-15,,,,,,,,,,
2021-02-16,,,,,,,,,,2.24
2021-02-17,,,,,,,,,,2.21
2021-02-18,,,,,,,,,,2.16
2021-02-19,,,,,,,,,,2.14
2021-02-22,,,,,,,,,,2.16
2021-02-23,,,,,,,,,,2.16
2021-02-24,,,,,,,,,,2.17
2021-02-25,,,,,,,,,,2.14
2021-02-26,,,,,,,,,,2.15
2021-03-01,264.961,271.459,0.07,6.1,144232.0,603581.0,98.3856,107.054,215.0,2.16
2021-03-02,,,,,,,,,,2.2
2021-03-03,,,,,,,,,,2.21
2021-03-04,,,,,,,,,,2.2
2021-03-05,,,,,,,,,,2.22
2021-03-08,,,,,,,,,,2.21
2021-03-09,,,,,,,,,,2.21
2021-03-10,,,,,,,,,,2.26
2021-03-11,,,,,,,,,,2.28
2021-03-12,,,,,,,,,,2.26
2021-03-15,,,,,,,,,,2.27
2021-03-16,,,,,,,,,,2.3
2021-03-17,,,,,,,,,,2.3
2021-03-18,,,,,,,,,,2.27
2021-03-19,,,,,,,,,,2.31
2021-03-22,,,,,,,,,,2.33
2021-03-23,,,,,,,,,,2.29
2021-03-24,,,,,,,,,,2.31
2021-03-25,,,,,,,,,,2.32
2021-03-26,,,,,,,,,,2.34
2021-03-29,,,,,,,,,,2.36
2021-03-30,,,,,,,,,,2.35
2021-03-31,,,,,,,,,,2.37
2021-04-01,266.614,273.66,0.07,6.1,144587.0,608961.0,98.5587,107.618,217.9,2.35
2021-04-02,,,,,,,,,,2.36
2021-04-05,,,,,,,,,,2.35
2021-04-06,,,,,,,,,,2.32
2021-04-07,,,,,,,,,,2.34
2021-04-08,,,,,,,,,,2.33
2021-04-09,,,,,,,,,,2.31
2021-04-12,,,,,,,,,,2.33
2021-04-13,,,,,,,,,,2.33
2021-04-14,,,,,,,,,,2.33
2021-04-15,,,,,,,,,,2.33
2021-04-16,,,,,,,,,,2.36
2021-04-19,,,,,,,,,,2.34
2021-04-20,,,,,,,,,,2.32
2021-04-21,,,,,,,,,,2.33
2021-04-22,,,,,,,,,,2.33
2021-04-23,,,,,,,,,,2.34
2021-04-26,,,,,,,,,,2.36
2021-04-27,,,,,,,,,,2.39
2021-04-28,,,,,,,,,,2.41
2021-04-29,,,,,,,,,,2.42
2021-04-30,,,,,,,,,,2.41
2021-05-01,268.383,275.465,0.06,5.8,145065.0,605282.0,99.4333,108.175,224.9,
2021-05-03,,,,,,,,,,2.42
2021-05-04,,,,,,,,,,2.42
2021-05-05,,,,,,,,,,2.47
2021-05-06,,,,,,,,,,2.45
2021-05-07,,,,,,,,,,2.49
2021-05-10,,,,,,,,,,2.54
2021-05-11,,,,,,,,,,2.53
2021-05-12,,,,,,,,,,2.54
2021-05-13,,,,,,,,,,2.51
2021-05-14,,,,,,,,,,2.51
2021-05-17,,,,,,,,,,2.54
2021-05-18,,,,,,,,,,2.52
2021-05-19,,,,,,,,,,2.48
2021-05-20,,,,,,,,,,2.41
2021-05-21,,,,,,,,,,2.43
2021-05-24,,,,,,,,,,2.44
2021-05-25,,,,,,,,,,2.42
2021-05-26,,,,,,,,,,2.4
2021-05-27,,,,,,,,,,2.42
2021-05-28,,,,,,,,,,2.42
2021-05-31,,,,,,,,,,
2021-06-01,270.654,277.651,0.08,5.9,145820.0,611950.0,99.7987,108.76,228.9,2.46
2021-06-02,,,,,,,,,,2.44
2021-06-03,,,,,,,,,,2.42
2021-06-04,,,,,,,,,,2.4
2021-06-07,,,,,,,,,,2.39
2021-06-08,,,,,,,,,,2.36
2021-06-09,,,,,,,,,,2.32
2021-06-10,,,,,,,,,,2.35
2021-06-11,,,,,,,,,,2.32
2021-06-14,,,,,,,,,,2.36
2021-06-15,,,,,,,,,,2.38
2021-06-16,,,,,,,,,,2.32
2021-06-17,,,,,,,,,,2.27
2021-06-18,,,,,,,,,,2.24
2021-06-21,,,,,,,,,,2.25
2021-06-22,,,,,,,,,,2.31
2021-06-23,,,,,,,,,,2.34
2021-06-24,,,,,,,,,,2.3
2021-06-25,,,,,,,,,,2.34
2021-06-28,,,,,,,,,,2.33
2021-06-29,,,,,,,,,,2.32
2021-06-30,,,,,,,,,,2.32
2021-07-01,271.903,278.648,0.1,5.4,146762.0,601817.0,100.2519,109.256,231.85,2.35
2021-07-02,,,,,,,,,,2.33
2021-07-05,,,,,,,,,,
2021-07-06,,,,,,,,,,2.31
2021-07-07,,,,,,,,,,2.28
2021-07-08,,,,,,,,,,2.22
2021-07-09,,,,,,,,,,2.28
2021-07-12,,,,,,,,,,2.33
2021-07-13,,,,,,,,,,2.36
2021-07-14,,,,,,,,,,2.34
2021-07-15,,,,,,,,,,2.32
2021-07-16,,,,,,,,,,2.33
2021-07-19,,,,,,,,,,2.24
2021-07-20,,,,,,,,,,2.26
2021-07-21,,,,,,,,,,2.28
2021-07-22,,,,,,,,,,2.28
2021-07-23,,,,,,,,,,2.35
2021-07-26,,,,,,,,,,2.4
2021-07-27,,,,,,,,,,2.38
2021-07-28,,,,,,,,,,2.41
2021-07-29,,,,,,,,,,2.43
2021-07-30,,,,,,,,,,2.4
2021-08-01,272.676,278.997,0.09,5.1,147314.0,605533.0,100.0437,109.674,233.415,
2021-08-02,,,,,,,,,,2.37
2021-08-03,,,,,,,,,,2.38
2021-08-04,,,,,,,,,,2.35
2021-08-05,,,,,,,,,,2.33
2021-08-06,,,,,,,,,,2.37
2021-08-09,,,,,,,,,,2.37
2021-08-10,,,,,,,,,,2.4
2021-08-11,,,,,,,,,,2.42
2021-08-12,,,,,,,,,,2.41
2021-08-13,,,,,,,,,,2.37
2021-08-16,,,,,,,,,,2.36
2021-08-17,,,,,,,,,,2.33
2021-08-18,,,,,,,,,,2.32
2021-08-19,,,,,,,,,,2.28
2021-08-20,,,,,,,,,,2.27
2021-08-23,,,,,,,,,,2.27
2021-08-24,,,,,,,,,,2.3
2021-08-25,,,,,,,,,,2.35
2021-08-26,,,,,,,,,,2.33
2021-08-27,,,,,,,,,,2.39
2021-08-30,,,,,,,,,,2.37
2021-08-31,,,,,,,,,,2.33
2021-09-01,273.91,279.698,0.08,4.7,147771.0,609671.0,98.8579,110.034,235.678,2.34
2021-09-02,,,,,,,,,,2.32
2021-09-03,,,,,,,,,,2.34
2021-09-06,,,,,,,,,,
2021-09-07,,,,,,,,,,2.36
2021-09-08,,,,,,,,,,2.38
2021-09-09,,,,,,,,,,2.38
2021-09-10,,,,,,,,,,2.4
2021-09-13,,,,,,,,,,2.37
2021-09-14,,,,,,,,,,2.33
2021-09-15,,,,,,,,,,2.35
2021-09-16,,,,,,,,,,2.35
2021-09-17,,,,,,,,,,2.33
2021-09-20,,,,,,,,,,2.29
2021-09-21,,,,,,,,,,2.29
2021-09-22,,,,,,,,,,2.28
2021-09-23,,,,,,,,,,2.31
2021-09-24,,,,,,,,,,2.34
2021-09-27,,,,,,,,,,2.35
2021-09-28,,,,,,,,,,2.38
2021-09-29,,,,,,,,,,2.37
2021-09-30,,,,,,,,,,2.37
2021-10-01,276.55,281.668,0.08,4.5,148572.0,618573.0,100.1861,110.762,240.465,2.38
2021-10-04,,,,,,,,,,2.38
2021-10-05,,,,,,,,,,2.45
2021-10-06,,,,,,,,,,2.43
2021-10-07,,,,,,,,,,2.46
2021-10-08,,,,,,,,,,2.5
2021-10-11,,,,,,,,,,
2021-10-12,,,,,,,,,,2.49
2021-10-13,,,,,,,,,,2.52
2021-10-14,,,,,,,,,,2.52
2021-10-15,,,,,,,,,,2.56
2021-10-18,,,,,,,,,,2.54
2021-10-19,,,,,,,,,,2.54
2021-10-20,,,,,,,,,,2.57
2021-10-21,,,,,,,,,,2.64
2021-10-22,,,,,,,,,,2.64
2021-10-25,,,,,,,,,,2.66
2021-10-26,,,,,,,,,,2.69
2021-10-27,,,,,,,,,,2.65
2021-10-28,,,,,,,,,,2.57
2021-10-29,,,,,,,,,,2.51
2021-11-01,278.919,283.406,0.08,4.1,149230.0,624874.0,100.8654,111.5,243.287,2.5
2021-11-02,,,,,,,,,,2.51
2021-11-03,,,,,,,,,,2.53
2021-11-04,,,,,,,,,,2.56
2021-11-05,,,,,,,,,,2.54
2021-11-08,,,,,,,,,,2.62
2021-11-09,,,,,,,,,,2.63
2021-11-10,,,,,,,,,,2.7
2021-11-11,,,,,,,,,,
2021-11-12,,,,,,,,,,2.73
2021-11-15,,,,,,,,,,2.76
2021-11-16,,,,,,,,,,2.73
2021-11-17,,,,,,,,,,2.7
2021-11-18,,,,,,,,,,2.73
2021-11-19,,,,,,,,,,2.65
2021-11-22,,,,,,,,,,2.61
2021-11-23,,,,,,,,,,2.62
2021-11-24,,,,,,,,,,2.61
2021-11-25,,,,,,,,,,
2021-11-26,,,,,,,,,,2.55
2021-11-29,,,,,,,,,,2.54
2021-11-30,,,,,,,,,,2.5
2021-12-01,280.845,285.18,0.08,3.9,149816.0,619938.0,100.5726,112.191,241.338,2.44
2021-12-02,,,,,,,,,,2.47
2021-12-03,,,,,,,,,,2.43
2021-12-06,,,,,,,,,,2.44
2021-12-07,,,,,,,,,,2.47
2021-12-08,,,,,,,,,,2.52
2021-12-09,,,,,,,,,,2.47
2021-12-10,,,,,,,,,,2.44
2021-12-13,,,,,,,,,,2.4
2021-12-14,,,,,,,,,,2.37
2021-12-15,,,,,,,,,,2.39
2021-12-16,,,,,,,,,,2.42
2021-12-17,,,,,,,,,,2.38
2021-12-20,,,,,,,,,,2.39
2021-12-21,,,,,,,,,,2.44
2021-12-22,,,,,,,,,,2.47
2021-12-23,,,,,,,,,,2.47
2021-12-24,,,,,,,,,,
2021-12-27,,,,,,,,,,2.5
2021-12-28,,,,,,,,,,2.5
2021-12-29,,,,,,,,,,2.53
2021-12-30,,,,,,,,,,2.58
2021-12-31,,,,,,,,,,2.56
2022-01-01,282.543,286.757,0.08,4.0,150006.0,631509.0,100.1856,112.805,246.453,
2022-01-03,,,,,,,,,,2.6
2022-01-04,,,,,,,,,,2.57
2022-01-05,,,,,,,,,,2.53
2022-01-06,,,,,,,,,,2.46
2022-01-07,,,,,,,,,,2.48
2022-01-10,,,,,,,,,,2.48
2022-01-11,,,,,,,,,,2.54
2022-01-12,,,,,,,,,,2.48
2022-01-13,,,,,,,,,,2.43
2022-01-14,,,,,,,,,,2.44
2022-01-17,,,,,,,,,,
2022-01-18,,,,,,,,,,2.46
2022-01-19,,,,,,,,,,2.4
2022-01-20,,,,,,,,,,2.33
2022-01-21,,,,,,,,,,2.34
2022-01-24,,,,,,,,,,2.38
2022-01-25,,,,,,,,,,2.41
2022-01-26,,,,,,,,,,2.38
2022-01-27,,,,,,,,,,2.4
2022-01-28,,,,,,,,,,2.44
2022-01-31,,,,,,,,,,2.44
2022-02-01,284.5,288.273,0.08,3.9,150825.0,638101.0,100.8064,113.471,252.66,2.43
2022-02-02,,,,,,,,,,2.41
2022-02-03,,,,,,,,,,2.38
2022-02-04,,,,,,,,,,2.41
2022-02-07,,,,,,,,,,2.4
2022-02-08,,,,,,,,,,2.42
2022-02-09,,,,,,,,,,2.42
2022-02-10,,,,,,,,,,2.45
2022-02-11,,,,,,,,,,2.43
2022-02-14,,,,,,,,,,2.48
2022-02-15,,,,,,,,,,2.48
2022-02-16,,,,,,,,,,2.46
2022-02-17,,,,,,,,,,2.43
2022-02-18,,,,,,,,,,2.41
2022-02-21,,,,,,,,,,
2022-02-22,,,,,,,,,,2.45
2022-02-23,,,,,,,,,,2.53
2022-02-24,,,,,,,,,,2.55
2022-02-25,,,,,,,,,,2.54
2022-02-28,,,,,,,,,,2.62
2022-03-01,287.674,289.056,0.2,3.7,151315.0,651027.0,101.3907,114.469,260.014,2.62
2022-03-02,,,,,,,,,,2.71
2022-03-03,,,,,,,,,,2.69
2022-03-04,,,,,,,,,,2.67
2022-03-07,,,,,,,,,,2.77
2022-03-08,,,,,,,,,,2.9
2022-03-09,,,,,,,,,,2.84
2022-03-10,,,,,,,,,,2.86
2022-03-11,,,,,,,,,,2.94
2022-03-14,,,,,,,,,,2.93
2022-03-15,,,,,,,,,,2.84
2022-03-16,,,,,,,,,,2.8
2022-03-17,,,,,,,,,,2.91
2022-03-18,,,,,,,,,,2.86
2022-03-21,,,,,,,,,,2.9
2022-03-22,,,,,,,,,,2.91
2022-03-23,,,,,,,,,,2.94
2022-03-24,,,,,,,,,,2.92
2022-03-25,,,,,,,,,,2.95
2022-03-28,,,,,,,,,,2.95
2022-03-29,,,,,,,,,,2.86
2022-03-30,,,,,,,,,,2.86
2022-03-31,,,,,,,,,,2.84
2022-04-01,288.561,290.514,0.33,3.7,151623.0,660194.0,101.44,114.812,265.31,2.8
2022-04-04,,,,,,,,,,2.8
2022-04-05,,,,,,,,,,2.84
2022-04-06,,,,,,,,,,2.83
2022-04-07,,,,,,,,,,2.82
2022-04-08,,,,,,,,,,2.87
2022-04-11,,,,,,,,,,2.91
2022-04-12,,,,,,,,,,2.86
2022-04-13,,,,,,,,,,2.8
2022-04-14,,,,,,,,,,2.89
2022-04-15,,,,,,,,,,
2022-04-18,,,,,,,,,,2.92
2022-04-19,,,,,,,,,,2.93
2022-04-20,,,,,,,,,,2.92
2022-04-21,,,,,,,,,,3.02
2022-04-22,,,,,,,,,,2.98
2022-04-25,,,,,,,,,,2.91
2022-04-26,,,,,,,,,,2.85
2022-04-27,,,,,,,,,,2.88
2022-04-28,,,,,,,,,,2.97
2022-04-29,,,,,,,,,,2.88
2022-05-01,291.298,292.063,0.77,3.6,151924.0,659847.0,101.3335,115.525,273.251,
2022-05-02,,,,,,,,,,2.81
2022-05-03,,,,,,,,,,2.83
2022-05-04,,,,,,,,,,2.86
2022-05-05,,,,,,,,,,2.87
2022-05-06,,,,,,,,,,2.86
2022-05-09,,,,,,,,,,2.75
2022-05-10,,,,,,,,,,2.65
2022-05-11,,,,,,,,,,2.7
2022-05-12,,,,,,,,,,2.59
2022-05-13,,,,,,,,,,2.69
2022-05-16,,,,,,,,,,2.68
2022-05-17,,,,,,,,,,2.71
2022-05-18,,,,,,,,,,2.72
2022-05-19,,,,,,,,,,2.59
2022-05-20,,,,,,,,,,2.55
2022-05-23,,,,,,,,,,2.6
2022-05-24,,,,,,,,,,2.55
2022-05-25,,,,,,,,,,2.56
2022-05-26,,,,,,,,,,2.62
2022-05-27,,,,,,,,,,2.63
2022-05-30,,,,,,,,,,
2022-05-31,,,,,,,,,,2.64
2022-06-01,294.957,294.05,1.21,3.6,152358.0,666113.0,101.018,116.638,280.251,2.65
2022-06-02,,,,,,,,,,2.66
2022-06-03,,,,,,,,,,2.74
2022-06-06,,,,,,,,,,2.76
2022-06-07,,,,,,,,,,2.73
2022-06-08,,,,,,,,,,2.75
2022-06-09,,,,,,,,,,2.75
2022-06-10,,,,,,,,,,2.76
2022-06-13,,,,,,,,,,2.74
2022-06-14,,,,,,,,,,2.6
2022-06-15,,,,,,,,,,2.7
2022-06-16,,,,,,,,,,2.62
2022-06-17,,,,,,,,,,2.58
2022-06-20,,,,,,,,,,
2022-06-21,,,,,,,,,,2.61
2022-06-22,,,,,,,,,,2.54
2022-06-23,,,,,,,,,,2.5
2022-06-24,,,,,,,,,,2.56
2022-06-27,,,,,,,,,,2.55
2022-06-28,,,,,,,,,,2.48
2022-06-29,,,,,,,,,,2.36
2022-06-30,,,,,,,,,,2.33
2022-07-01,294.913,295.088,1.68,3.5,153072.0,659550.0,101.223,116.631,272.274,2.34
2022-07-04,,,,,,,,,,
2022-07-05,,,,,,,,,,2.3
2022-07-06,,,,,,,,,,2.29
2022-07-07,,,,,,,,,,2.33
2022-07-08,,,,,,,,,,2.37
2022-07-11,,,,,,,,,,2.32
2022-07-12,,,,,,,,,,2.32
2022-07-13,,,,,,,,,,2.31
2022-07-14,,,,,,,,,,2.34
2022-07-15,,,,,,,,,,2.36
2022-07-18,,,,,,,,,,2.37
2022-07-19,,,,,,,,,,2.39
2022-07-20,,,,,,,,,,2.38
2022-07-21,,,,,,,,,,2.33
2022-07-22,,,,,,,,,,2.34
2022-07-25,,,,,,,,,,2.36
2022-07-26,,,,,,,,,,2.36
2022-07-27,,,,,,,,,,2.42
2022-07-28,,,,,,,,,,2.48
2022-07-29,,,,,,,,,,2.53
2022-08-01,295.097,296.535,2.33,3.6,153362.0,663566.0,101.0963,116.956,269.546,2.51
2022-08-02,,,,,,,,,,2.48
2022-08-03,,,,,,,,,,2.5
2022-08-04,,,,,,,,,,2.46
2022-08-05,,,,,,,,,,2.46
2022-08-08,,,,,,,,,,2.48
2022-08-09,,,,,,,,,,2.47
2022-08-10,,,,,,,,,,2.43
2022-08-11,,,,,,,,,,2.47
2022-08-12,,,,,,,,,,2.47
2022-08-15,,,,,,,,,,2.44
2022-08-16,,,,,,,,,,2.44
2022-08-17,,,,,,,,,,2.46
2022-08-18,,,,,,,,,,2.52
2022-08-19,,,,,,,,,,2.55
2022-08-22,,,,,,,,,,2.57
2022-08-23,,,,,,,,,,2.58
2022-08-24,,,,,,,,,,2.62
2022-08-25,,,,,,,,,,2.6
2022-08-26,,,,,,,,,,2.57
2022-08-29,,,,,,,,,,2.58
2022-08-30,,,,,,,,,,2.55
2022-08-31,,,,,,,,,,2.48
2022-09-01,296.349,298.226,2.56,3.5,153582.0,661854.0,101.2918,117.371,267.898,2.45
2022-09-02,,,,,,,,,,2.47
2022-09-05,,,,,,,,,,
2022-09-06,,,,,,,,,,2.48
2022-09-07,,,,,,,,,,2.45
2022-09-08,,,,,,,,,,2.41
2022-09-09,,,,,,,,,,2.42
2022-09-12,,,,,,,,,,2.42
2022-09-13,,,,,,,,,,2.44
2022-09-14,,,,,,,,,,2.46
2022-09-15,,,,,,,,,,2.43
2022-09-16,,,,,,,,,,2.38
2022-09-19,,,,,,,,,,2.34
2022-09-20,,,,,,,,,,2.4
2022-09-21,,,,,,,,,,2.38
2022-09-22,,,,,,,,,,2.41
2022-09-23,,,,,,,,,,2.37
2022-09-26,,,,,,,,,,2.32
2022-09-27,,,,,,,,,,2.33
2022-09-28,,,,,,,,,,2.33
2022-09-29,,,,,,,,,,2.19
2022-09-30,,,,,,,,,,2.15
2022-10-01,298.007,299.399,3.08,3.6,153939.0,668671.0,101.2529,117.919,265.061,
2022-10-03,,,,,,,,,,2.24
2022-10-04,,,,,,,,,,2.24
2022-10-05,,,,,,,,,,2.22
2022-10-06,,,,,,,,,,2.22
2022-10-07,,,,,,,,,,2.27
2022-10-10,,,,,,,,,,
2022-10-11,,,,,,,,,,2.31
2022-10-12,,,,,,,,,,2.29
2022-10-13,,,,,,,,,,2.34
2022-10-14,,,,,,,,,,2.41
2022-10-17,,,,,,,,,,2.45
2022-10-18,,,,,,,,,,2.41
2022-10-19,,,,,,,,,,2.42
2022-10-20,,,,,,,,,,2.51
2022-10-21,,,,,,,,,,2.52
2022-10-24,,,,,,,,,,2.59
2022-10-25,,,,,,,,,,2.51
2022-10-26,,,,,,,,,,2.44
2022-10-27,,,,,,,,,,2.45
2022-10-28,,,,,,,,,,2.51
2022-10-31,,,,,,,,,,2.52
2022-11-01,298.786,300.325,3.78,3.6,154242.0,659458.0,100.9552,118.224,263.157,2.51
2022-11-02,,,,,,,,,,2.53
2022-11-03,,,,,,,,,,2.4
2022-11-04,,,,,,,,,,2.48
2022-11-07,,,,,,,,,,2.53
2022-11-08,,,,,,,,,,2.5
2022-11-09,,,,,,,,,,2.42
2022-11-10,,,,,,,,,,2.39
2022-11-11,,,,,,,,,,
2022-11-14,,,,,,,,,,2.37
2022-11-15,,,,,,,,,,2.35
2022-11-16,,,,,,,,,,2.29
2022-11-17,,,,,,,,,,2.28
2022-11-18,,,,,,,,,,2.25
2022-11-21,,,,,,,,,,2.31
2022-11-22,,,,,,,,,,2.32
2022-11-23,,,,,,,,,,2.32
2022-11-24,,,,,,,,,,
2022-11-25,,,,,,,,,,2.32
2022-11-28,,,,,,,,,,2.26
2022-11-29,,,,,,,,,,2.25
2022-11-30,,,,,,,,,,2.34
2022-12-01,298.832,301.394,4.1,3.5,154342.0,651763.0,99.7664,118.384,257.897,2.36
2022-12-02,,,,,,,,,,2.43
2022-12-05,,,,,,,,,,2.39
2022-12-06,,,,,,,,,,2.31
2022-12-07,,,,,,,,,,2.26
2022-12-08,,,,,,,,,,2.28
2022-12-09,,,,,,,,,,2.26
2022-12-12,,,,,,,,,,2.28
2022-12-13,,,,,,,,,,2.24
2022-12-14,,,,,,,,,,2.19
2022-12-15,,,,,,,,,,2.16
2022-12-16,,,,,,,,,,2.13
2022-12-19,,,,,,,,,,2.15
2022-12-20,,,,,,,,,,2.24
2022-12-21,,,,,,,,,,2.27
2022-12-22,,,,,,,,,,2.19
2022-12-23,,,,,,,,,,2.2
2022-12-26,,,,,,,,,,
2022-12-27,,,,,,,,,,2.26
2022-12-28,,,,,,,,,,2.28
2022-12-29,,,,,,,,,,2.27
2022-12-30,,,,,,,,,,2.3
2023-01-01,300.42,302.642,4.33,3.5,154776.0,680253.0,100.505,119.018,260.227,
2023-01-02,,,,,,,,,,
2023-01-03,,,,,,,,,,2.26
2023-01-04,,,,,,,,,,2.22
2023-01-05,,,,,,,,,,2.22
2023-01-06,,,,,,,,,,2.21
2023-01-09,,,,,,,,,,2.22
2023-01-10,,,,,,,,,,2.24
2023-01-11,,,,,,,,,,2.23
2023-01-12,,,,,,,,,,2.21
2023-01-13,,,,,,,,,,2.18
2023-01-16,,,,,,,,,,
2023-01-17,,,,,,,,,,2.17
2023-01-18,,,,,,,,,,2.12
2023-01-19,,,,,,,,,,2.2
2023-01-20,,,,,,,,,,2.23
2023-01-23,,,,,,,,,,2.28
2023-01-24,,,,,,,,,,2.27
2023-01-25,,,,,,,,,,2.29
2023-01-26,,,,,,,,,,2.33
2023-01-27,,,,,,,,,,2.33
2023-01-30,,,,,,,,,,2.29
2023-01-31,,,,,,,,,,2.24
2023-02-01,301.45,304.123,4.57,3.6,155066.0,672152.0,100.6416,119.369,258.669,2.25
2023-02-02,,,,,,,,,,2.22
2023-02-03,,,,,,,,,,2.22
2023-02-06,,,,,,,,,,2.25
2023-02-07,,,,,,,,,,2.31
2023-02-08,,,,,,,,,,2.34
2023-02-09,,,,,,,,,,2.33
2023-02-10,,,,,,,,,,2.33
2023-02-13,,,,,,,,,,2.31
2023-02-14,,,,,,,,,,2.31
2023-02-15,,,,,,,,,,2.35
2023-02-16,,,,,,,,,,2.37
2023-02-17,,,,,,,,,,2.36
2023-02-20,,,,,,,,,,
2023-02-21,,,,,,,,,,2.42
2023-02-22,,,,,,,,,,2.41
2023-02-23,,,,,,,,,,2.39
2023-02-24,,,,,,,,,,2.38
2023-02-27,,,,,,,,,,2.36
2023-02-28,,,,,,,,,,2.43
2023-03-01,301.821,305.147,4.65,3.5,155134.0,665071.0,101.0205,119.538,257.062,2.44
2023-03-02,,,,,,,,,,2.48
2023-03-03,,,,,,,,,,2.52
2023-03-06,,,,,,,,,,2.49
2023-03-07,,,,,,,,,,2.38
2023-03-08,,,,,,,,,,2.32
2023-03-09,,,,,,,,,,2.3
2023-03-10,,,,,,,,,,2.26
2023-03-13,,,,,,,,,,2.24
2023-03-14,,,,,,,,,,2.31
2023-03-15,,,,,,,,,,2.29
2023-03-16,,,,,,,,,,2.22
2023-03-17,,,,,,,,,,2.1
2023-03-20,,,,,,,,,,2.14
2023-03-21,,,,,,,,,,2.23
2023-03-22,,,,,,,,,,2.28
2023-03-23,,,,,,,,,,2.19
2023-03-24,,,,,,,,,,2.22
2023-03-27,,,,,,,,,,2.24
2023-03-28,,,,,,,,,,2.31
2023-03-29,,,,,,,,,,2.33
2023-03-30,,,,,,,,,,2.34
2023-03-31,,,,,,,,,,2.32
2023-04-01,302.845,306.534,4.83,3.4,155375.0,670494.0,101.253,119.951,256.908,
2023-04-03,,,,,,,,,,2.29
2023-04-04,,,,,,,,,,2.25
2023-04-05,,,,,,,,,,2.23
2023-04-06,,,,,,,,,,2.24
2023-04-07,,,,,,,,,,2.25
2023-04-10,,,,,,,,,,2.27
2023-04-11,,,,,,,,,,2.29
2023-04-12,,,,,,,,,,2.27
2023-04-13,,,,,,,,,,2.29
2023-04-14,,,,,,,,,,2.3
2023-04-17,,,,,,,,,,2.32
2023-04-18,,,,,,,,,,2.28
2023-04-19,,,,,,,,,,2.28
2023-04-20,,,,,,,,,,2.26
2023-04-21,,,,,,,,,,2.28
2023-04-24,,,,,,,,,,2.28
2023-04-25,,,,,,,,,,2.25
2023-04-26,,,,,,,,,,2.25
2023-04-27,,,,,,,,,,2.27
2023-04-28,,,,,,,,,,2.18
2023-05-01,303.334,307.652,5.06,3.6,155655.0,673902.0,100.9286,120.15,253.67,2.23
2023-05-02,,,,,,,,,,2.2
2023-05-03,,,,,,,,,,2.2
2023-05-04,,,,,,,,,,2.19
2023-05-05,,,,,,,,,,2.21
2023-05-08,,,,,,,,,,2.23
2023-05-09,,,,,,,,,,2.23
2023-05-10,,,,,,,,,,2.17
2023-05-11,,,,,,,,,,2.16
2023-05-12,,,,,,,,,,2.18
2023-05-15,,,,,,,,,,2.19
2023-05-16,,,,,,,,,,2.19
2023-05-17,,,,,,,,,,2.22
2023-05-18,,,,,,,,,,2.23
2023-05-19,,,,,,,,,,2.24
2023-05-22,,,,,,,,,,2.24
2023-05-23,,,,,,,,,,2.26
2023-05-24,,,,,,,,,,2.25
2023-05-25,,,,,,,,,,2.25
2023-05-26,,,,,,,,,,2.23
2023-05-29,,,,,,,,,,
2023-05-30,,,,,,,,,,2.22
2023-05-31,,,,,,,,,,2.18
2023-06-01,304.014,308.322,5.08,3.6,155880.0,677117.0,100.1196,120.469,253.86,2.16
2023-06-02,,,,,,,,,,2.18
2023-06-05,,,,,,,,,,2.19
2023-06-06,,,,,,,,,,2.2
2023-06-07,,,,,,,,,,2.21
2023-06-08,,,,,,,,,,2.2
2023-06-09,,,,,,,,,,2.2
2023-06-12,,,,,,,,,,2.17
2023-06-13,,,,,,,,,,2.2
2023-06-14,,,,,,,,,,2.21
2023-06-15,,,,,,,,,,2.21
2023-06-16,,,,,,,,,,2.22
2023-06-19,,,,,,,,,,
2023-06-20,,,,,,,,,,2.22
2023-06-21,,,,,,,,,,2.21
2023-06-22,,,,,,,,,,2.24
2023-06-23,,,,,,,,,,2.21
2023-06-26,,,,,,,,,,2.18
2023-06-27,,,,,,,,,,2.2
2023-06-28,,,,,,,,,,2.18
2023-06-29,,,,,,,,,,2.2
2023-06-30,,,,,,,,,,2.22
2023-07-01,304.609,308.96,5.12,3.5,156043.0,678424.0,100.9067,120.607,253.835,
2023-07-03,,,,,,,,,,2.25
2023-07-04,,,,,,,,,,
2023-07-05,,,,,,,,,,2.26
2023-07-06,,,,,,,,,,2.27
2023-07-07,,,,,,,,,,2.27
2023-07-10,,,,,,,,,,2.25
2023-07-11,,,,,,,,,,2.24
2023-07-12,,,,,,,,,,2.26
2023-07-13,,,,,,,,,,2.24
2023-07-14,,,,,,,,,,2.24
2023-07-17,,,,,,,,,,2.25
2023-07-18,,,,,,,,,,2.23
2023-07-19,,,,,,,,,,2.22
2023-07-20,,,,,,,,,,2.35
2023-07-21,,,,,,,,,,2.35
2023-07-24,,,,,,,,,,2.38
2023-07-25,,,,,,,,,,2.39
2023-07-26,,,,,,,,,,2.36
2023-07-27,,,,,,,,,,2.37
2023-07-28,,,,,,,,,,2.38
2023-07-31,,,,,,,,,,2.37
2023-08-01,306.082,309.58,5.33,3.7,156261.0,684755.0,100.8393,120.97,257.68,2.37
2023-08-02,,,,,,,,,,2.36
2023-08-03,,,,,,,,,,2.37
2023-08-04,,,,,,,,,,2.38
2023-08-07,,,,,,,,,,2.41
2023-08-08,,,,,,,,,,2.36
2023-08-09,,,,,,,,,,2.34
2023-08-10,,,,,,,,,,2.33
2023-08-11,,,,,,,,,,2.36
2023-08-14,,,,,,,,,,2.36
2023-08-15,,,,,,,,,,2.32
2023-08-16,,,,,,,,,,2.32
2023-08-17,,,,,,,,,,2.33
2023-08-18,,,,,,,,,,2.32
2023-08-21,,,,,,,,,,2.34
2023-08-22,,,,,,,,,,2.35
2023-08-23,,,,,,,,,,2.35
2023-08-24,,,,,,,,,,2.32
2023-08-25,,,,,,,,,,2.33
2023-08-28,,,,,,,,,,2.3
2023-08-29,,,,,,,,,,2.29
2023-08-30,,,,,,,,,,2.26
2023-08-31,,,,,,,,,,2.24
2023-09-01,307.276,310.539,5.33,3.7,156417.0,689403.0,101.0211,121.419,258.934,2.26
2023-09-04,,,,,,,,,,
2023-09-05,,,,,,,,,,2.29
2023-09-06,,,,,,,,,,2.3
2023-09-07,,,,,,,,,,2.32
2023-09-08,,,,,,,,,,2.33
2023-09-11,,,,,,,,,,2.35
2023-09-12,,,,,,,,,,2.34
2023-09-13,,,,,,,,,,2.35
2023-09-14,,,,,,,,,,2.34
2023-09-15,,,,,,,,,,2.35
2023-09-18,,,,,,,,,,2.36
2023-09-19,,,,,,,,,,2.37
2023-09-20,,,,,,,,,,2.35
2023-09-21,,,,,,,,,,2.38
2023-09-22,,,,,,,,,,2.37
2023-09-25,,,,,,,,,,2.37
2023-09-26,,,,,,,,,,2.33
2023-09-27,,,,,,,,,,2.34
2023-09-28,,,,,,,,,,2.39
2023-09-29,,,,,,,,,,2.35
2023-10-01,307.696,311.457,5.33,3.9,156576.0,686148.0,100.4689,121.484,255.192,
2023-10-02,,,,,,,,,,2.35
2023-10-03,,,,,,,,,,2.36
2023-10-04,,,,,,,,,,2.33
2023-10-05,,,,,,,,,,2.31
2023-10-06,,,,,,,,,,2.31
2023-10-09,,,,,,,,,,
2023-10-10,,,,,,,,,,2.32
2023-10-11,,,,,,,,,,2.32
2023-10-12,,,,,,,,,,2.34
2023-10-13,,,,,,,,,,2.34
2023-10-16,,,,,,,,,,2.38
2023-10-17,,,,,,,,,,2.41
2023-10-18,,,,,,,,,,2.44
2023-10-19,,,,,,,,,,2.49
2023-10-20,,,,,,,,,,2.47
2023-10-23,,,,,,,,,,2.41
2023-10-24,,,,,,,,,,2.4
2023-10-25,,,,,,,,,,2.43
2023-10-26,,,,,,,,,,2.42
2023-10-27,,,,,,,,,,2.42
2023-10-30,,,,,,,,,,2.44
2023-10-31,,,,,,,,,,2.42
2023-11-01,308.148,312.392,5.33,3.7,156703.0,685328.0,100.8639,121.493,252.856,2.41
2023-11-02,,,,,,,,,,2.4
2023-11-03,,,,,,,,,,2.39
2023-11-06,,,,,,,,,,2.42
2023-11-07,,,,,,,,,,2.39
2023-11-08,,,,,,,,,,2.34
2023-11-09,,,,,,,,,,2.33
2023-11-10,,,,,,,,,,2.32
2023-11-13,,,,,,,,,,2.31
2023-11-14,,,,,,,,,,2.28
2023-11-15,,,,,,,,,,2.31
2023-11-16,,,,,,,,,,2.27
2023-11-17,,,,,,,,,,2.28
2023-11-20,,,,,,,,,,2.3
2023-11-21,,,,,,,,,,2.25
2023-11-22,,,,,,,,,,2.26
2023-11-23,,,,,,,,,,
2023-11-24,,,,,,,,,,2.26
2023-11-27,,,,,,,,,,2.21
2023-11-28,,,,,,,,,,2.22
2023-11-29,,,,,,,,,,2.21
2023-11-30,,,,,,,,,,2.23
2023-12-01,308.741,313.195,5.33,3.8,156857.0,686277.0,100.6031,121.66,249.866,2.22
2023-12-04,,,,,,,,,,2.21
2023-12-05,,,,,,,,,,2.17
2023-12-06,,,,,,,,,,2.14
2023-12-07,,,,,,,,,,2.17
2023-12-08,,,,,,,,,,2.21
2023-12-11,,,,,,,,,,2.19
2023-12-12,,,,,,,,,,2.16
2023-12-13,,,,,,,,,,2.16
2023-12-14,,,,,,,,,,2.22
2023-12-15,,,,,,,,,,2.22
2023-12-18,,,,,,,,,,2.21
2023-12-19,,,,,,,,,,2.19
2023-12-20,,,,,,,,,,2.19
2023-12-21,,,,,,,,,,2.19
2023-12-22,,,,,,,,,,2.19
2023-12-25,,,,,,,,,,
2023-12-26,,,,,,,,,,2.18
2023-12-27,,,,,,,,,,2.15
2023-12-28,,,,,,,,,,2.16
2023-12-29,,,,,,,,,,2.16
2024-01-01,309.698,314.319,5.33,3.7,157032.0,680456.0,99.2223,122.23,251.306,
2024-01-02,,,,,,,,,,2.21
2024-01-03,,,,,,,,,,2.2
2024-01-04,,,,,,,,,,2.22
2024-01-05,,,,,,,,,,2.22
2024-01-08,,,,,,,,,,2.22
2024-01-09,,,,,,,,,,2.22
2024-01-10,,,,,,,,,,2.22
2024-01-11,,,,,,,,,,2.22
2024-01-12,,,,,,,,,,2.27
2024-01-15,,,,,,,,,,
2024-01-16,,,,,,,,,,2.3
2024-01-17,,,,,,,,,,2.3
2024-01-18,,,,,,,,,,2.34
2024-01-19,,,,,,,,,,2.34
2024-01-22,,,,,,,,,,2.31
2024-01-23,,,,,,,,,,2.29
2024-01-24,,,,,,,,,,2.3
2024-01-25,,,,,,,,,,2.29
2024-01-26,,,,,,,,,,2.3
2024-01-29,,,,,,,,,,2.3
2024-01-30,,,,,,,,,,2.26
2024-01-31,,,,,,,,,,2.26
2024-02-01,310.967,315.564,5.33,3.9,157238.0,685280.0,100.285,122.598,254.926,2.19
2024-02-02,,,,,,,,,,2.21
2024-02-05,,,,,,,,,,2.27
2024-02-06,,,,,,,,,,2.24
2024-02-07,,,,,,,,,,2.23
2024-02-08,,,,,,,,,,2.24
2024-02-09,,,,,,,,,,2.25
2024-02-12,,,,,,,,,,2.24
2024-02-13,,,,,,,,,,2.29
2024-02-14,,,,,,,,,,2.3
2024-02-15,,,,,,,,,,2.3
2024-02-16,,,,,,,,,,2.33
2024-02-19,,,,,,,,,,
2024-02-20,,,,,,,,,,2.32
2024-02-21,,,,,,,,,,2.34
2024-02-22,,,,,,,,,,2.31
2024-02-23,,,,,,,,,,2.3
2024-02-26,,,,,,,,,,2.31
2024-02-27,,,,,,,,,,2.32
2024-02-28,,,,,,,,,,2.33
2024-02-29,,,,,,,,,,2.33
2024-03-01,312.345,316.792,5.33,3.9,157466.0,687641.0,100.4575,123.038,255.095,2.32
2024-03-04,,,,,,,,,,2.34
2024-03-05,,,,,,,,,,2.32
2024-03-06,,,,,,,,,,2.3
2024-03-07,,,,,,,,,,2.28
2024-03-08,,,,,,,,,,2.28
2024-03-11,,,,,,,,,,2.27
2024-03-12,,,,,,,,,,2.3
2024-03-13,,,,,,,,,,2.3
2024-03-14,,,,,,,,,,2.3
2024-03-15,,,,,,,,,,2.32
2024-03-18,,,,,,,,,,2.31
2024-03-19,,,,,,,,,,2.3
2024-03-20,,,,,,,,,,2.31
2024-03-21,,,,,,,,,,2.34
2024-03-22,,,,,,,,,,2.35
2024-03-25,,,,,,,,,,2.33
2024-03-26,,,,,,,,,,2.32
2024-03-27,,,,,,,,,,2.32
2024-03-28,,,,,,,,,,2.32
2024-03-29,,,,,,,,,,
2024-04-01,313.023,317.649,5.33,3.9,157530.0,687602.0,100.2434,123.341,256.978,2.35
2024-04-02,,,,,,,,,,2.36
2024-04-03,,,,,,,,,,2.36
2024-04-04,,,,,,,,,,2.34
2024-04-05,,,,,,,,,,2.37
2024-04-08,,,,,,,,,,2.38
2024-04-09,,,,,,,,,,2.36
2024-04-10,,,,,,,,,,2.4
2024-04-11,,,,,,,,,,2.4
2024-04-12,,,,,,,,,,2.39
2024-04-15,,,,,,,,,,2.43
2024-04-16,,,,,,,,,,2.43
2024-04-17,,,,,,,,,,2.39
2024-04-18,,,,,,,,,,2.4
2024-04-19,,,,,,,,,,2.41
2024-04-22,,,,,,,,,,2.41
2024-04-23,,,,,,,,,,2.41
2024-04-24,,,,,,,,,,2.41
2024-04-25,,,,,,,,,,2.42
2024-04-26,,,,,,,,,,2.43
2024-04-29,,,,,,,,,,2.41
2024-04-30,,,,,,,,,,2.41
2024-05-01,313.175,318.095,5.33,3.9,157608.0,692774.0,100.863,123.348,255.313,2.38
2024-05-02,,,,,,,,,,2.37
2024-05-03,,,,,,,,,,2.35
2024-05-06,,,,,,,,,,2.35
2024-05-07,,,,,,,,,,2.32
2024-05-08,,,,,,,,,,2.31
2024-05-09,,,,,,,,,,2.32
2024-05-10,,,,,,,,,,2.34
2024-05-13,,,,,,,,,,2.33
2024-05-14,,,,,,,,,,2.33
2024-05-15,,,,,,,,,,2.31
2024-05-16,,,,,,,,,,2.31
2024-05-17,,,,,,,,,,2.32
2024-05-20,,,,,,,,,,2.33
2024-05-21,,,,,,,,,,2.32
2024-05-22,,,,,,,,,,2.33
2024-05-23,,,,,,,,,,2.3
2024-05-24,,,,,,,,,,2.32
2024-05-27,,,,,,,,,,
2024-05-28,,,,,,,,,,2.34
2024-05-29,,,,,,,,,,2.36
2024-05-30,,,,,,,,,,2.36
2024-05-31,,,,,,,,,,2.35
2024-06-01,313.044,318.39,5.33,4.1,157695.0,692449.0,100.894,123.539,255.914,
2024-06-03,,,,,,,,,,2.33
2024-06-04,,,,,,,,,,2.31
2024-06-05,,,,,,,,,,2.3
2024-06-06,,,,,,,,,,2.28
2024-06-07,,,,,,,,,,2.3
2024-06-10,,,,,,,,,,2.31
2024-06-11,,,,,,,,,,2.27
2024-06-12,,,,,,,,,,2.22
2024-06-13,,,,,,,,,,2.21
2024-06-14,,,,,,,,,,2.17
2024-06-17,,,,,,,,,,2.22
2024-06-18,,,,,,,,,,2.21
2024-06-19,,,,,,,,,,
2024-06-20,,,,,,,,,,2.25
2024-06-21,,,,,,,,,,2.23
2024-06-24,,,,,,,,,,2.22
2024-06-25,,,,,,,,,,2.22
2024-06-26,,,,,,,,,,2.26
2024-06-27,,,,,,,,,,2.26
2024-06-28,,,,,,,,,,2.28
2024-07-01,313.569,318.94,5.33,4.2,157748.0,698835.0,99.9757,123.736,257.321,2.32
2024-07-02,,,,,,,,,,2.3
2024-07-03,,,,,,,,,,2.27
2024-07-04,,,,,,,,,,
2024-07-05,,,,,,,,,,2.28
2024-07-08,,,,,,,,,,2.27
2024-07-09,,,,,,,,,,2.26
2024-07-10,,,,,,,,,,2.27
2024-07-11,,,,,,,,,,2.25
2024-07-12,,,,,,,,,,2.24
2024-07-15,,,,,,,,,,2.27
2024-07-16,,,,,,,,,,2.26
2024-07-17,,,,,,,,,,2.26
2024-07-18,,,,,,,,,,2.31
2024-07-19,,,,,,,,,,2.32
2024-07-22,,,,,,,,,,2.3
2024-07-23,,,,,,,,,,2.29
2024-07-24,,,,,,,,,,2.28
2024-07-25,,,,,,,,,,2.28
2024-07-26,,,,,,,,,,2.27
2024-07-29,,,,,,,,,,2.25
2024-07-30,,,,,,,,,,2.25
2024-07-31,,,,,,,,,,2.24
2024-08-01,314.062,319.75,5.33,4.2,157757.0,697039.0,100.4309,123.889,255.463,2.2
2024-08-02,,,,,,,,,,2.04
2024-08-05,,,,,,,,,,2.07
2024-08-06,,,,,,,,,,2.12
2024-08-07,,,,,,,,,,2.11
2024-08-08,,,,,,,,,,2.12
2024-08-09,,,,,,,,,,2.1
2024-08-12,,,,,,,,,,2.11
2024-08-13,,,,,,,,,,2.09
2024-08-14,,,,,,,,,,2.06
2024-08-15,,,,,,,,,,2.12
2024-08-16,,,,,,,,,,2.08
2024-08-19,,,,,,,,,,2.07
2024-08-20,,,,,,,,,,2.07
2024-08-21,,,,,,,,,,2.07
2024-08-22,,,,,,,,,,2.1
2024-08-23,,,,,,,,,,2.13
2024-08-26,,,,,,,,,,2.15
2024-08-27,,,,,,,,,,2.15
2024-08-28,,,,,,,,,,2.15
2024-08-29,,,,,,,,,,2.16
2024-08-30,,,,,,,,,,2.15
2024-09-01,314.732,320.732,5.13,4.1,157912.0,703055.0,99.8084,124.164,252.682,
2024-09-02,,,,,,,,,,
2024-09-03,,,,,,,,,,2.11
2024-09-04,,,,,,,,,,2.07
2024-09-05,,,,,,,,,,2.03
2024-09-06,,,,,,,,,,2.03
2024-09-09,,,,,,,,,,2.04
2024-09-10,,,,,,,,,,2.02
2024-09-11,,,,,,,,,,2.04
2024-09-12,,,,,,,,,,2.05
2024-09-13,,,,,,,,,,2.08
2024-09-16,,,,,,,,,,2.09
2024-09-17,,,,,,,,,,2.12
2024-09-18,,,,,,,,,,2.12
2024-09-19,,,,,,,,,,2.17
2024-09-20,,,,,,,,,,2.15
2024-09-23,,,,,,,,,,2.17
2024-09-24,,,,,,,,,,2.19
2024-09-25,,,,,,,,,,2.18
2024-09-26,,,,,,,,,,2.16
2024-09-27,,,,,,,,,,2.15
2024-09-30,,,,,,,,,,2.18
2024-10-01,315.631,321.731,4.83,4.1,157945.0,708290.0,99.4695,124.494,253.081,2.19
2024-10-02,,,,,,,,,,2.21
2024-10-03,,,,,,,,,,2.21
2024-10-04,,,,,,,,,,2.23
2024-10-07,,,,,,,,,,2.27
2024-10-08,,,,,,,,,,2.27
2024-10-09,,,,,,,,,,2.29
2024-10-10,,,,,,,,,,2.33
2024-10-11,,,,,,,,,,2.33
2024-10-14,,,,,,,,,,
2024-10-15,,,,,,,,,,2.28
2024-10-16,,,,,,,,,,2.27
2024-10-17,,,,,,,,,,2.3
2024-10-18,,,,,,,,,,2.31
2024-10-21,,,,,,,,,,2.31
2024-10-22,,,,,,,,,,2.33
2024-10-23,,,,,,,,,,2.31
2024-10-24,,,,,,,,,,2.3
2024-10-25,,,,,,,,,,2.29
2024-10-28,,,,,,,,,,2.29
2024-10-29,,,,,,,,,,2.3
2024-10-30,,,,,,,,,,2.34
2024-10-31,,,,,,,,,,2.33
2024-11-01,316.528,322.657,4.64,4.2,158079.0,711853.0,99.2925,124.637,253.211,2.33
2024-11-04,,,,,,,,,,2.28
2024-11-05,,,,,,,,,,2.27
2024-11-06,,,,,,,,,,2.38
2024-11-07,,,,,,,,,,2.33
2024-11-08,,,,,,,,,,2.35
2024-11-11,,,,,,,,,,
2024-11-12,,,,,,,,,,2.35
2024-11-13,,,,,,,,,,2.35
2024-11-14,,,,,,,,,,2.33
2024-11-15,,,,,,,,,,2.33
2024-11-18,,,,,,,,,,2.34
2024-11-19,,,,,,,,,,2.34
2024-11-20,,,,,,,,,,2.35
2024-11-21,,,,,,,,,,2.34
2024-11-22,,,,,,,,,,2.34
2024-11-25,,,,,,,,,,2.29
2024-11-26,,,,,,,,,,2.28
2024-11-27,,,,,,,,,,2.26
2024-11-28,,,,,,,,,,
2024-11-29,,,,,,,,,,2.26
2024-12-01,317.604,323.259,4.48,4.1,158316.0,717265.0,100.3273,124.979,253.423,
2024-12-02,,,,,,,,,,2.26
2024-12-03,,,,,,,,,,2.28
2024-12-04,,,,,,,,,,2.29
2024-12-05,,,,,,,,,,2.25
2024-12-06,,,,,,,,,,2.24
2024-12-09,,,,,,,,,,2.27
2024-12-10,,,,,,,,,,2.29
2024-12-11,,,,,,,,,,2.3
2024-12-12,,,,,,,,,,2.32
2024-12-13,,,,,,,,,,2.33
2024-12-16,,,,,,,,,,2.32
2024-12-17,,,,,,,,,,2.31
2024-12-18,,,,,,,,,,2.32
2024-12-19,,,,,,,,,,2.29
2024-12-20,,,,,,,,,,2.29
2024-12-23,,,,,,,,,,2.32
2024-12-24,,,,,,,,,,2.35
2024-12-25,,,,,,,,,,
2024-12-26,,,,,,,,,,2.35
2024-12-27,,,,,,,,,,2.34
2024-12-30,,,,,,,,,,2.31
2024-12-31,,,,,,,,,,2.34
